Title,Image,Up Votes,Date Time
ProgrammerHumor,https://i.redd.it/sipy64uaicu31.png,11.9k,14 hours ago
Just living the moment...,https://i.redd.it/ekn51zbxxfu31.jpg,253,2 hours ago
Why bother using tools designed for exactly what you're doing?,https://preview.redd.it/171cka0jscu31.jpg?width=640&crop=smart&auto=webp&s=d2c01210d9f94673f4dc3f0541cebaba940d3d59,1.7k,13 hours ago
after getting my first 1k post-karma in this sub,https://i.redd.it/n5totfbydjw11.jpg,4.9k,21 hours ago
A day in the life of a cs student,https://preview.redd.it/d0dxcnw57kb01.jpg?width=640&crop=smart&auto=webp&s=75304e00a804548a4c3aa6b16c405b058f47d6da,4.7k,21 hours ago
The only true graph.,https://preview.redd.it/nd7d31mrycu31.jpg?width=640&crop=smart&auto=webp&s=76c2a380ae9c7f747aa885a78ceb0da530e66d8f,695,12 hours ago
"Alright, fair enough",https://preview.redd.it/1b7985ludeu31.jpg?width=640&crop=smart&auto=webp&s=89231d695f92aa238d9602d8ab0344a08c07a3cc,272,8 hours ago
It's a nightmare...,https://preview.redd.it/azqfw0qwwau31.jpg?width=640&crop=smart&auto=webp&s=115d5b6ed0724f5c3a6db334e41378ae6f31d259,2.4k,19 hours ago
ProgrammerHumor,https://preview.redd.it/mn5zlr9bfbu31.png?width=640&crop=smart&auto=webp&s=debd17262bd8ffb78e8b065b3ddb5dde1360cd86,•,27 minutes ago
Neural Networks: Expectation vs Reality,https://preview.redd.it/q70j8vhkg8u31.jpg?width=640&crop=smart&auto=webp&s=3bbabb48287f4b29fb934a82684328582531ab21,298,18 hours ago
Why is it even a flair?,https://preview.redd.it/ysl36ey0g9u31.jpg?width=640&crop=smart&auto=webp&s=97c0f6e5a7bd199d126f61449b77b4a3e318a28f,83,11 hours ago
QA looking at my new project,https://preview.redd.it/pu806xr6xbu31.png?width=640&crop=smart&auto=webp&s=28a773b351f97167fe46cdc291a7b82010e3c552,1.7k,1 day ago
Companies after NordVpn got hacked..,https://preview.redd.it/buqnsswqwfu31.jpg?width=640&crop=smart&auto=webp&s=995a065eea9a0ab68365030937228a58794ca520,99,12 hours ago
ProgrammerHumor,https://preview.redd.it/lcrr5gncq9u31.jpg?width=640&crop=smart&auto=webp&s=c12c51e8ad70205f411b806f46ccf420abb58d18,335,23 hours ago
4 Stages of debugging,https://preview.redd.it/ahqtrzybwau31.png?width=640&crop=smart&auto=webp&s=c896bb0208ea9e2bebe00a45200dc97428b9f74a,161,19 hours ago
Which philosophy do you code with?,https://preview.redd.it/yyidepaupbu31.png?width=640&crop=smart&auto=webp&s=565786cb875c6463d344b5767a9b832963a80b66,95,17 hours ago
When you find out that PowerPoint is Turing complete,https://preview.redd.it/0lt0toox49u31.jpg?width=640&crop=smart&auto=webp&s=136505e7697f80835ee13640ce2bf211a07de678,460,1 day ago
23 Lines in and I'm already considering jumping out of the window,https://preview.redd.it/re4c0jd4h8u31.jpg?width=640&crop=smart&auto=webp&s=f817dea5acdb2648ce732c955ad86eba7776d365,686,1 day ago
How do functions break up?,https://preview.redd.it/vu8r8t4vpcu31.jpg?width=640&crop=smart&auto=webp&s=c0709162ed4064d1719c09a814d6a6c033bde184,43,13 hours ago
quantum supremacy,https://preview.redd.it/6cxyd11lncu31.png?width=640&crop=smart&auto=webp&s=7887c1ebe73f6fcbfa7836e6c310c2af842b9c1e,48,13 hours ago
ProgrammerHumor,https://i.redd.it/ix1ibiiwj9u31.jpg,193,1 day ago
We all know who's right though,https://preview.redd.it/v6aau1nxgcu31.png?width=640&crop=smart&auto=webp&s=70e72023af712447629cc0d3f7aabacbf109e564,35,14 hours ago
Who wrote this shit,https://i.redd.it/pbkpbduqyau31.jpg,77,19 hours ago
still better then VB's Not Equal to sign,https://preview.redd.it/43mtzw1ipau31.jpg?width=640&crop=smart&auto=webp&s=9c5472fb1c769628c62754a28700fc0261dbab1c,85,20 hours ago
Big brain time,https://preview.redd.it/79gyr3tgycu31.jpg?width=640&crop=smart&auto=webp&s=9f0542169f770252f0f28e2b23f82604ecf405e6,25,13 hours ago
Was putting physics to this bus when...,https://preview.redd.it/mo43mtcd0du31.png?width=640&crop=smart&auto=webp&s=4a6ab8e084f6725f083d41a46292ab185d4e3546,20,12 hours ago
iF yOu puKe lEt mE kNoW,https://i.redd.it/h7md08s5mgu31.png,19,12 hours ago
ProgrammerHumor,https://preview.redd.it/fkrbq6n395u31.png?width=640&crop=smart&auto=webp&s=e6460caf351da7b597ac964da7b76d87ded696b4,1.3k,1 day ago
"Oh Java, never change",https://preview.redd.it/g07bnxm919u31.png?width=640&crop=smart&auto=webp&s=38f6f7f1d8c8ce347f1490a6b7a55ce20236b781,119,1 day ago
I am an enemy of the people,https://preview.redd.it/n74gs3l5k7u31.png?width=640&crop=smart&auto=webp&s=0d13f895fcd3dda9c996fec43c1212a21e01525f,294,1 day ago
"First borrow, then cover your tracks",https://preview.redd.it/x8s4w1gkbbu31.png?width=640&crop=smart&auto=webp&s=ec8781d9da5e0cf63afef11d3040399c83610571,30,18 hours ago
The kind of software i want vs what my budget gave me,https://i.redd.it/83z70rj99bu31.png,•,22 minutes ago
p4 obliterate //... -y,https://preview.redd.it/z50fhdg6vbu31.jpg?width=640&crop=smart&auto=webp&s=f0d73b3743983a7720d121209a347cbfcf0a1ec6,28,18 hours ago
"the ""goes too"" oporator",https://preview.redd.it/8hx2azcc4bu31.jpg?width=640&crop=smart&auto=webp&s=97548597f89bd9a14884843fc0d16983f90d5a23,19,16 hours ago
ProgrammerHumor,https://i.redd.it/gnfj1aijm3u31.jpg,18,19 hours ago
When script reach to the exit method,https://i.redd.it/s2gi77vylau31.jpg,1.8k,1 day ago
i-=-1,https://preview.redd.it/r49tivzk78u31.png?width=640&crop=smart&auto=webp&s=c448b9485cb5428cf6f0118af5bd9544795f9297,6,13 hours ago
Beware The Dangers of Integer Overflow!,https://preview.redd.it/gwa8a2t6gcu31.jpg?width=640&crop=smart&auto=webp&s=dd97800ec6f1bc550ec32447847d437a28cd2b0a,21,20 hours ago
lisp is cool,https://external-preview.redd.it/ldVVjK4VOMmnpPT6HUQIjjx2iDbBoz6QAabuJNf5yyA.jpg?width=640&crop=smart&auto=webp&s=1159948c35582aa23a1ffc12ca2e37edcbb939fd,92,1 day ago
ProgrammerHumor,https://preview.redd.it/9ve18yga93u31.png?width=640&crop=smart&auto=webp&s=33161fa9bb786fa7c31b21d4f7c4ec56b344d006,647,1 day ago
Spooky programming,https://preview.redd.it/ija8htczlbu31.jpg?width=640&crop=smart&auto=webp&s=afc56d83d669a59ba58d4346d9362e493e621a3a,4,17 hours ago
We've all been there before,https://i.redd.it/ec3u4zj6u8u31.png,6,19 hours ago
^((?!woman).)*$ ^((?!cry).)*$,https://preview.redd.it/mhh53o2vp4u31.jpg?width=640&crop=smart&auto=webp&s=3f159ef06be761ece6d59b4928d6ef254e9bc356,3,18 hours ago
I'm not the best programmer but I can make a MEAN stack.,https://i.redd.it/fjmgozbzu6u31.png,23,1 day ago
ProgrammerHumor,https://preview.redd.it/nettqgkes3u31.jpg?width=640&crop=smart&auto=webp&s=82a74605c10f4977dab76032dfc254b15f214cf7,198,1 day ago
Why would anyone read the docs?,https://preview.redd.it/kdrmhtkuh3u31.png?width=640&crop=smart&auto=webp&s=571f72217c96e3af78d412af1890f5318e9348ee,219,1 day ago
Java is so primitive,https://preview.redd.it/umz5c94oj5u31.png?width=640&crop=smart&auto=webp&s=6b320a6ed905cd70c2628f95e0fb4879d0747184,59,1 day ago
I always like when my code has a little character,https://i.redd.it/plyy4dquzbu31.jpg,2,16 hours ago
Sudo sudoku,https://external-preview.redd.it/dLyygr5eC5TvQ0BhoQk0_3xt0nMqPzxhx2JpVepUFe4.png?width=640&crop=smart&auto=webp&s=779fbfbb65f83bb6705d8b86a4eefaa54dc75f49,18,1 day ago
"I mean, yeah",https://preview.redd.it/b9ms975p73u31.jpg?width=640&crop=smart&auto=webp&s=bc503eba10ae585eda8c2297308455fb88b3f15d,225,1 day ago
"Why Python, why?",https://preview.redd.it/b7ngi9edo6u31.jpg?width=640&crop=smart&auto=webp&s=fdaba1d1de9aeda0b0bb5fe9e2e7bf11c64193d2,26,1 day ago
Why not?,https://i.redd.it/lhzzq0fu14u31.jpg,129,1 day ago
ProgrammerHumor,https://preview.redd.it/tk9jnaykn1u31.jpg?width=640&crop=smart&auto=webp&s=368c953fbe6455998a2f2ad1e12d835659b973d9,205,2 days ago
Git morning,https://i.redd.it/oq40lmu2a5u31.png,22,1 day ago
My friend said he was an expert in Spring Beans MVC. My response:,https://i.redd.it/8ta8rcsm92u31.jpg,134,2 days ago
I swear I see this guy in all examples,https://preview.redd.it/6c9a29uak1u31.jpg?width=640&crop=smart&auto=webp&s=45edf86763ec49eae44be8fc66c372c8dba2f3b7,192,2 days ago
"""It works on my machine""",https://i.redd.it/y4fuzimin5u31.png,15,1 day ago
Daisy-chaining promise hell,https://preview.redd.it/n0z2mmp891u31.jpg?width=640&crop=smart&auto=webp&s=4cfb3f3544917b9301dc68481d03b077a6248b84,216,2 days ago
Excuses,https://preview.redd.it/4tvt1rn5x0u31.png?width=640&crop=smart&auto=webp&s=b91ed8ef351c4a30108efcfc843de0932743f266,259,2 days ago
ProgrammerHumor,https://preview.redd.it/2ios8g0uqxt31.png?width=640&crop=smart&auto=webp&s=6d8c5cdf4bc3845b2614931e8d4a478bcf4f8cde,697,2 days ago
Who does that?,https://preview.redd.it/qu4b7i55r1u31.png?width=640&crop=smart&auto=webp&s=a8e01be56cc6157547a6cfc834d7b0c09fea9b50,0,1 day ago
r/cscareerquestions in a nutshell,https://i.redd.it/tt3c7knhk0u31.png,55,2 days ago
testing code,https://preview.redd.it/f7pgp04wuzt31.jpg?width=640&crop=smart&auto=webp&s=e0db206d17a3025e78f06a013838a604d51e70bc,104,2 days ago
Natural State of Haskell Programmers,https://i.redd.it/e2lvu78ft1u31.jpg,167,2 days ago
ProgrammerHumor,https://preview.redd.it/vpfml13ewyt31.jpg?width=640&crop=smart&auto=webp&s=0a274613cacd1072a52fe3203f2cb122787b854a,74,2 days ago
"Interview questions be like ""invert a binary tree on white board""",https://preview.redd.it/azjy159bczt31.png?width=640&crop=smart&auto=webp&s=ad246b607d4e007562da0fde70b9a8b4c0be002c,55,2 days ago
makes sense,https://preview.redd.it/l4ldpfkopxt31.jpg?width=640&crop=smart&auto=webp&s=c93aa34b0a72b19f452fd6a6bb8279d97347ebd3,135,2 days ago
Warning: too broad exception clause,https://preview.redd.it/tw6b4kvq2zt31.png?width=640&crop=smart&auto=webp&s=e99ddbf039c21fb5e7c3db0c89d881ff56722861,54,2 days ago
newbie programmer starter pack,https://preview.redd.it/bx4b9xy79wt31.png?width=640&crop=smart&auto=webp&s=2bb12499b2159ef97c84756bef8b4b5b6ad0d613,313,2 days ago
#noregret #technicallythetruth,https://preview.redd.it/wimn0n1nyut31.jpg?width=640&crop=smart&auto=webp&s=2779fac54114ca3c4a607013461045563adc8258,701,3 days ago
Expectations.........,https://preview.redd.it/motz8czzjxt31.png?width=640&crop=smart&auto=webp&s=6728c260bcaeee93e749b89cb7ccb484311c9ff3,134,2 days ago
Product. Just sayin,https://i.redd.it/6sk9w2ct1yt31.jpg,89,2 days ago
